invoice_id,rule
INV-1057,R3_EXACT_DUPLICATE
INV-1058,R3_EXACT_DUPLICATE
INV-1059,R3_EXACT_DUPLICATE
INV-1060,R3_EXACT_DUPLICATE
INV-1061,R4_NEAR_DUPLICATE
INV-1062,R4_NEAR_DUPLICATE
INV-1063,R4_NEAR_DUPLICATE
INV-1064,R4_NEAR_DUPLICATE
INV-1065,R1_MISSING_FIELD
INV-1066,R1_MISSING_FIELD
INV-1067,R1_MISSING_FIELD
INV-1068,R1_MISSING_FIELD
INV-1069,R1_MISSING_FIELD
INV-1070,R2_OVER_LIMIT
INV-1071,R2_OVER_LIMIT
INV-1072,R2_OVER_LIMIT
INV-1073,R2_OVER_LIMIT
INV-1074,R2_OVER_LIMIT
INV-1075,R5_JUST_UNDER_LIMIT
INV-1076,R5_JUST_UNDER_LIMIT
INV-1077,R5_JUST_UNDER_LIMIT
INV-1078,R6_INVALID_DATE
INV-1079,R6_INVALID_DATE
INV-1080,R3_EXACT_DUPLICATE
INV-1081,R3_EXACT_DUPLICATE
INV-1082,R4_NEAR_DUPLICATE
INV-1088,R8_EMPLOYEE_REPEAT
INV-1089,R8_EMPLOYEE_REPEAT
INV-1091,R9_SPLIT_CLAIM
INV-1093,R9_SPLIT_CLAIM
